Country;Africa;Moody's rating;Rating-based Default Spread;Total Equity Risk Premium;Country Risk Premium;Sovereign CDS, net of US;Total Equity Risk Premium2;Country Risk Premium3
Abu Dhabi;Middle East;Aa2;0,49%;4,99%;0,66%;0,35%;4,80%;0,47%
Albania;Eastern Europe & Russia;Ba3;3,56%;9,13%;4,80%;NA;NA;NA
Andorra (Principality of);Western Europe;Baa1;1,58%;6,46%;2,13%;NA;NA;NA
Angola;Africa;B3;6,44%;13,00%;8,67%;6,33%;12,86%;8,53%
Argentina;Central and South America;Ca;11,88%;20,34%;16,01%;NA;NA;NA
Armenia;Eastern Europe & Russia;Ba3;3,56%;9,13%;4,80%;NA;NA;NA
Aruba;Caribbean;Baa3;2,18%;7,26%;2,93%;NA;NA;NA
Australia;Australia & New Zealand;Aaa;0,00%;4,33%;0,00%;0,00%;4,33%;0,00%
Austria;Western Europe;Aa1;0,40%;4,86%;0,53%;0,00%;4,33%;0,00%
Azerbaijan;Eastern Europe & Russia;Ba1;2,48%;7,67%;3,34%;NA;NA;NA
Bahamas;Caribbean;B1;4,46%;10,34%;6,01%;NA;NA;NA
Bahrain;Middle East;B2;5,45%;11,67%;7,34%;2,10%;7,16%;2,83%
Bangladesh;Asia;B2;5,45%;11,67%;7,34%;NA;NA;NA
Barbados;Caribbean;B3;6,44%;13,00%;8,67%;NA;NA;NA
Belarus;Eastern Europe & Russia;C;17,50%;27,91%;23,58%;NA;NA;NA
Belgium;Western Europe;Aa3;0,59%;5,13%;0,80%;0,02%;4,36%;0,03%
Belize;Central and South America;Caa1;7,43%;14,34%;10,01%;NA;NA;NA
Benin;Africa;B1;4,46%;10,34%;6,01%;NA;NA;NA
Bermuda;Caribbean;A2;0,84%;5,46%;1,13%;NA;NA;NA
Bolivia;Central and South America;Caa3;9,91%;17,68%;13,35%;NA;NA;NA
Bosnia and Herzegovina;Eastern Europe & Russia;B3;6,44%;13,00%;8,67%;NA;NA;NA
Botswana;Africa;A3;1,19%;5,93%;1,60%;NA;NA;NA
Brazil;Central and South America;Ba1;2,48%;7,67%;3,34%;2,82%;8,13%;3,80%
Bulgaria;Eastern Europe & Russia;Baa1;1,58%;6,46%;2,13%;1,02%;5,70%;1,37%
Burkina Faso;Africa;Caa1;7,43%;14,34%;10,01%;NA;NA;NA
Cambodia;Asia;B2;5,45%;11,67%;7,34%;NA;NA;NA
Cameroon;Africa;Caa1;7,43%;14,34%;10,01%;6,66%;13,30%;8,97%
Canada;North America;Aaa;0,00%;4,33%;0,00%;0,00%;4,33%;0,00%
Cape Verde;Africa;B2;5,45%;11,67%;7,34%;NA;NA;NA
Cayman Islands;Caribbean;Aa3;0,59%;5,13%;0,80%;NA;NA;NA
Chile;Central and South America;A2;0,84%;5,46%;1,13%;0,76%;5,35%;1,02%
China;Asia;A1;0,70%;5,27%;0,94%;0,56%;5,08%;0,75%
Colombia;Central and South America;Baa2;1,89%;6,87%;2,54%;2,96%;8,32%;3,99%
Congo (Democratic Republic of);Africa;B3;6,44%;13,00%;8,67%;NA;NA;NA
Congo (Republic of);Africa;Caa2;8,92%;16,35%;12,02%;NA;NA;NA
Cook Islands;Australia & New Zealand;B1;4,46%;10,34%;6,01%;NA;NA;NA
Costa Rica;Central and South America;Ba3;3,56%;9,13%;4,80%;2,04%;7,08%;2,75%
C“te d'Ivoire;Africa;Ba2;2,98%;8,35%;4,02%;NA;NA;NA
Croatia;Eastern Europe & Russia;A3;1,19%;5,93%;1,60%;0,85%;5,48%;1,15%
Cuba;Caribbean;Ca;11,88%;20,34%;16,01%;NA;NA;NA
Curacao;Caribbean;Baa3;2,18%;7,26%;2,93%;NA;NA;NA
Cyprus;Western Europe;A3;1,19%;5,93%;1,60%;0,58%;5,11%;0,78%
Czech Republic;Eastern Europe & Russia;Aa3;0,59%;5,13%;0,80%;0,09%;4,45%;0,12%
Denmark;Western Europe;Aaa;0,00%;4,33%;0,00%;0,00%;4,33%;0,00%
Dominican Republic;Caribbean;Ba3;3,56%;9,13%;4,80%;NA;NA;NA
Ecuador;Central and South America;Caa3;9,91%;17,68%;13,35%;18,67%;29,49%;25,16%
Egypt;Africa;Caa1;7,43%;14,34%;10,01%;5,94%;12,33%;8,00%
El Salvador;Central and South America;B3;6,44%;13,00%;8,67%;3,79%;9,44%;5,11%
Estonia;Eastern Europe & Russia;A1;0,70%;5,27%;0,94%;0,40%;4,87%;0,54%
Ethiopia;Africa;Caa2;8,92%;16,35%;12,02%;32,56%;48,20%;43,87%
Fiji;Asia;B1;4,46%;10,34%;6,01%;NA;NA;NA
Finland;Western Europe;Aa1;0,40%;4,86%;0,53%;0,00%;4,33%;0,00%
France;Western Europe;Aa3;0,59%;5,13%;0,80%;0,28%;4,71%;0,38%
Gabon;Africa;Caa2;8,92%;16,35%;12,02%;NA;NA;NA
Georgia;Eastern Europe & Russia;Ba2;2,98%;8,35%;4,02%;NA;NA;NA
Germany;Western Europe;Aaa;0,00%;4,33%;0,00%;0,00%;4,33%;0,00%
Ghana;Africa;Caa2;8,92%;16,35%;12,02%;NA;NA;NA
Greece;Western Europe;Ba1;2,48%;7,67%;3,34%;0,76%;5,35%;1,02%
Guatemala;Central and South America;Ba1;2,48%;7,67%;3,34%;NA;NA;NA
Guernsey (States of);Western Europe;A1;0,70%;5,27%;0,94%;NA;NA;NA
Honduras;Central and South America;B1;4,46%;10,34%;6,01%;NA;NA;NA
Hong Kong;Asia;Aa3;0,59%;5,13%;0,80%;0,23%;4,64%;0,31%
Hungary;Eastern Europe & Russia;Baa2;1,89%;6,87%;2,54%;1,38%;6,19%;1,86%
Iceland;Western Europe;A1;0,70%;5,27%;0,94%;0,00%;4,33%;0,00%
India;Asia;Baa3;2,18%;7,26%;2,93%;0,54%;5,06%;0,73%
Indonesia;Asia;Baa2;1,89%;6,87%;2,54%;0,90%;5,54%;1,21%
Iraq;Middle East;Caa1;7,43%;14,34%;10,01%;3,74%;9,37%;5,04%
Ireland;Western Europe;Aa3;0,59%;5,13%;0,80%;0,00%;4,33%;0,00%
Isle of Man;Western Europe;Aa3;0,59%;5,13%;0,80%;NA;NA;NA
Israel;Middle East;Baa1;1,58%;6,46%;2,13%;1,03%;5,72%;1,39%
Italy;Western Europe;Baa3;2,18%;7,26%;2,93%;0,77%;5,37%;1,04%
Jamaica;Caribbean;B1;4,46%;10,34%;6,01%;NA;NA;NA
Japan;Asia;A1;0,70%;5,27%;0,94%;0,00%;4,33%;0,00%
Jersey (States of);Western Europe;Aa2;0,49%;4,99%;0,66%;NA;NA;NA
Jordan;Middle East;Ba3;3,56%;9,13%;4,80%;NA;NA;NA
Kazakhstan;Eastern Europe & Russia;Baa1;1,58%;6,46%;2,13%;0,95%;5,61%;1,28%
Kenya;Africa;Caa1;7,43%;14,34%;10,01%;5,51%;11,75%;7,42%
Korea;Asia;Aa2;0,49%;4,99%;0,66%;0,07%;4,42%;0,09%
Kuwait;Middle East;A1;0,70%;5,27%;0,94%;0,53%;5,04%;0,71%
Kyrgyzstan;Eastern Europe & Russia;B3;6,44%;13,00%;8,67%;NA;NA;NA
Laos;Asia;Caa3;9,91%;17,68%;13,35%;NA;NA;NA
Latvia;Eastern Europe & Russia;A3;1,19%;5,93%;1,60%;0,44%;4,92%;0,59%
Lebanon;Middle East;C;17,50%;27,91%;23,58%;NA;NA;NA
Liechtenstein;Western Europe;Aaa;0,00%;4,33%;0,00%;NA;NA;NA
Lithuania;Eastern Europe & Russia;A2;0,84%;5,46%;1,13%;0,55%;5,07%;0,74%
Luxembourg;Western Europe;Aaa;0,00%;4,33%;0,00%;NA;NA;NA
Macao;Asia;Aa3;0,59%;5,13%;0,80%;NA;NA;NA
Macedonia;Eastern Europe & Russia;Ba3;3,56%;9,13%;4,80%;NA;NA;NA
Malaysia;Asia;A3;1,19%;5,93%;1,60%;0,44%;4,92%;0,59%
Maldives;Asia;Caa2;8,92%;16,35%;12,02%;NA;NA;NA
Mali;Africa;Caa2;8,92%;16,35%;12,02%;NA;NA;NA
Malta;Western Europe;A2;0,84%;5,46%;1,13%;NA;NA;NA
Mauritius;Africa;Baa3;2,18%;7,26%;2,93%;NA;NA;NA
Mexico;Central and South America;Baa2;1,89%;6,87%;2,54%;1,81%;6,77%;2,44%
Moldova;Eastern Europe & Russia;B3;6,44%;13,00%;8,67%;NA;NA;NA
Mongolia;Asia;B2;5,45%;11,67%;7,34%;NA;NA;NA
Montenegro;Eastern Europe & Russia;B1;4,46%;10,34%;6,01%;NA;NA;NA
Montserrat;Caribbean;Baa3;2,18%;7,26%;2,93%;NA;NA;NA
Morocco;Africa;Ba1;2,48%;7,67%;3,34%;1,10%;5,81%;1,48%
Mozambique;Africa;Caa2;8,92%;16,35%;12,02%;NA;NA;NA
Namibia;Africa;B1;4,46%;10,34%;6,01%;NA;NA;NA
Nepal;Asia;Ba3;3,56%;9,13%;4,80%;NA;NA;NA
Netherlands;Western Europe;Aaa;0,00%;4,33%;0,00%;0,00%;4,33%;0,00%
New Zealand;Australia & New Zealand;Aaa;0,00%;4,33%;0,00%;0,00%;4,33%;0,00%
Nicaragua;Central and South America;B2;5,45%;11,67%;7,34%;6,16%;12,63%;8,30%
Niger;Africa;Caa3;9,91%;17,68%;13,35%;NA;NA;NA
Nigeria;Africa;Caa1;7,43%;14,34%;10,01%;6,03%;12,46%;8,13%
Norway;Western Europe;Aaa;0,00%;4,33%;0,00%;0,00%;4,33%;0,00%
Oman;Middle East;Ba1;2,48%;7,67%;3,34%;1,22%;5,97%;1,64%
Pakistan;Asia;Caa2;8,92%;16,35%;12,02%;16,08%;26,00%;21,67%
Panama;Central and South America;Baa3;2,18%;7,26%;2,93%;2,67%;7,93%;3,60%
Papua New Guinea;Asia;B2;5,45%;11,67%;7,34%;NA;NA;NA
Paraguay;Central and South America;Baa3;2,18%;7,26%;2,93%;NA;NA;NA
Peru;Central and South America;Baa1;1,58%;6,46%;2,13%;1,06%;5,76%;1,43%
Philippines;Asia;Baa2;1,89%;6,87%;2,54%;0,80%;5,41%;1,08%
Poland;Eastern Europe & Russia;A2;0,84%;5,46%;1,13%;0,64%;5,19%;0,86%
Portugal;Western Europe;A3;1,19%;5,93%;1,60%;0,17%;4,56%;0,23%
Qatar;Middle East;Aa2;0,49%;4,99%;0,66%;0,36%;4,82%;0,49%
Ras Al Khaimah (Emirate of);Middle East;A3;1,19%;5,93%;1,60%;NA;NA;NA
Romania;Eastern Europe & Russia;Baa3;2,18%;7,26%;2,93%;1,98%;7,00%;2,67%
Rwanda;Africa;B2;5,45%;11,67%;7,34%;4,14%;9,91%;5,58%
Saudi Arabia;Middle East;Aa3;0,59%;5,13%;0,80%;0,64%;5,19%;0,86%
Senegal;Africa;B1;4,46%;10,34%;6,01%;5,82%;12,17%;7,84%
Serbia;Eastern Europe & Russia;Ba2;2,98%;8,35%;4,02%;0,85%;5,48%;1,15%
Sharjah;Middle East;Ba1;2,48%;7,67%;3,34%;#N/D;#N/D;#N/D
Singapore;Asia;Aaa;0,00%;4,33%;0,00%;#N/D;#N/D;#N/D
Slovakia;Eastern Europe & Russia;A3;1,19%;5,93%;1,60%;0,14%;4,52%;0,19%
Slovenia;Eastern Europe & Russia;A3;1,19%;5,93%;1,60%;0,31%;4,75%;0,42%
Solomon Islands;Asia;Caa1;7,43%;14,34%;10,01%;#N/D;#N/D;#N/D
South Africa;Africa;Ba2;2,98%;8,35%;4,02%;2,59%;7,82%;3,49%
Spain;Western Europe;Baa1;1,58%;6,46%;2,13%;0,26%;4,68%;0,35%
Sri Lanka;Asia;Ca;11,88%;20,34%;16,01%;NA;NA;NA
St. Maarten;Caribbean;Ba2;2,98%;8,35%;4,02%;#N/D;#N/D;#N/D
St. Vincent & the Grenadines;Caribbean;B3;6,44%;13,00%;8,67%;#N/D;#N/D;#N/D
Suriname;Central and South America;Caa1;7,43%;14,34%;10,01%;#N/D;#N/D;#N/D
Swaziland;Africa;B2;5,45%;11,67%;7,34%;#N/D;#N/D;#N/D
Sweden;Western Europe;Aaa;0,00%;4,33%;0,00%;0,00%;4,33%;0,00%
Switzerland;Western Europe;Aaa;0,00%;4,33%;0,00%;0,00%;4,33%;0,00%
Taiwan;Asia;Aa3;0,59%;5,13%;0,80%;#N/D;#N/D;#N/D
Tajikistan;Eastern Europe & Russia;B3;6,44%;13,00%;8,67%;#N/D;#N/D;#N/D
Tanzania;Africa;B1;4,46%;10,34%;6,01%;#N/D;#N/D;#N/D
Thailand;Asia;Baa1;1,58%;6,46%;2,13%;0,29%;4,72%;0,39%
Togo;Africa;B3;6,44%;13,00%;8,67%;#N/D;#N/D;#N/D
Trinidad and Tobago;Caribbean;Ba2;2,98%;8,35%;4,02%;#N/D;#N/D;#N/D
Tunisia;Africa;Caa2;8,92%;16,35%;12,02%;9,83%;17,58%;13,25%
Turkey;Western Europe;B1;4,46%;10,34%;6,01%;3,21%;8,66%;4,33%
Turks and Caicos Islands;Caribbean;Baa1;1,58%;6,46%;2,13%;#N/D;#N/D;#N/D
Uganda;Africa;B3;6,44%;13,00%;8,67%;#N/D;#N/D;#N/D
Ukraine;Eastern Europe & Russia;Ca;11,88%;20,34%;16,01%;NA;NA;NA
United Arab Emirates;Middle East;Aa2;0,49%;4,99%;0,66%;#N/D;#N/D;#N/D
United Kingdom;Western Europe;Aa3;0,59%;5,13%;0,80%;0,00%;4,33%;0,00%
United States;North America;Aaa;0,00%;4,33%;0,00%;0,00%;4,33%;0,00%
Uruguay;Central and South America;Baa1;1,58%;6,46%;2,13%;0,86%;5,49%;1,16%
Uzbekistan;Eastern Europe & Russia;Ba3;3,56%;9,13%;4,80%;#N/D;#N/D;#N/D
Venezuela;Central and South America;C;17,50%;27,91%;23,58%;9,67%;17,36%;13,03%
Vietnam;Asia;Ba2;2,98%;8,35%;4,02%;1,24%;6,00%;1,67%
Zambia;Africa;Caa2;8,92%;16,35%;12,02%;NA;NA;NA
